amplicon,converged,amplicon_factor,alpha,beta_zero,beta_one,method,mean,variance,gene
AMPL1006853,True,0.002769163401304268,1.2211100508912065,-5.196062845030324,1.0,pearson,88.00816593874112,641.9656851242175,NTRK1
AMPL1006854,True,0.002828492425566129,1.055154815701057,-5.174864240522484,1.0,pearson,88.77243753073725,737.7507853442672,ALK
AMPL1006855,True,0.0036532863677842496,1.4131068885773939,-4.918980961186573,1.0,pearson,74.52442376466475,491.80575947395977,ALK
AMPL1006857,True,0.016401640338084368,0.9519255813035593,-3.4172267479788667,1.0,pearson,27.84414449824393,20.49819129562008,TFG
AMPL1006861,True,0.0023318469825599794,0.9690060923905122,-5.367947448484746,1.0,pearson,98.81116316310211,1163.9105627635759,APC
AMPL1006862,True,0.0020053015248795956,0.8183700202262152,-5.5188136624969575,1.0,pearson,106.49001479086846,1297.0227836468052,ROS1
AMPL1006874,True,0.006326894121095822,1.009933567176092,-4.3697986428536355,1.0,pearson,60.67361357240571,148.74764585214098,PARK2
AMPL1006875,True,0.002099432942899846,0.8777425848656325,-5.47294081734727,1.0,pearson,103.01968299895135,1575.6149823403912,PARK2
AMPL1006876,True,0.0034435499257904328,0.9437176776957628,-4.978105203964948,1.0,pearson,86.8862405890629,764.0171736882832,PARK2
AMPL1006877,True,0.0025833298810563473,0.8704329944610515,-5.265528880091224,1.0,pearson,98.56544787371116,1145.0441312744138,PARK2
AMPL1006878,True,0.005416206482962307,0.8836998562469971,-4.525212438915179,1.0,pearson,70.4116243608666,275.6030403229568,PARK2
AMPL1006879,True,0.00011986271375652728,12.38346939184142,-8.336016341578306,1.0,pearson,204.9848069804735,15588.969240749828,PARK2
AMPL1006880,True,0.003226684934294237,0.9120893205054504,-5.043152824363016,1.0,pearson,91.8154592415507,809.3629578107497,PARK2
AMPL1006881,True,0.00425717198240513,1.020108399713869,-4.766003012484989,1.0,pearson,77.02289113163575,464.17315847817594,PARK2
AMPL1006882,True,0.0018133050067565756,1.1523891232734895,-5.619456947618411,1.0,pearson,103.003980991192,1983.411677428196,PARK2
AMPL1006884,True,0.006329427652802992,0.7679955229828487,-4.369398284552658,1.0,pearson,67.16994259963718,209.55666012582887,PARK2
AMPL1006885,True,0.0004350942130471154,18.333369263825876,-7.046800788048572,1.0,pearson,136.30033838455572,3510.289413226135,PARK2
AMPL1006916,True,0.00296146473062047,0.8320893913123931,-5.128924111054031,1.0,pearson,95.74057531571312,932.16523417466,CDK6
AMPL1006934,True,0.0013208206691745397,0.9927588023840742,-5.936354835939525,1.0,pearson,112.10475326314248,2667.5648293759627,MET
AMPL1006935,True,0.0007742825286340007,1.0645889960238681,-6.470426546344745,1.0,pearson,120.6995047463942,4709.185184439917,MET
AMPL1006942,True,0.009024467646311563,1.3007231563057815,-4.014668582501298,1.0,pearson,41.185756735113415,60.999254833653644,SMO
AMPL1006944,True,0.0019367336306842634,1.318353455842214,-5.553605239878848,1.0,pearson,95.20013433654985,1385.205921436921,SHOC2
AMPL1006945,True,0.0006810610398490234,1.0791744332059467,-6.598711442600478,1.0,pearson,122.78471126141697,4695.456311355294,SHOC2
AMPL1006952,True,0.0019331878316346963,1.0427247813467713,-5.555437731869361,1.0,pearson,103.06930749228098,1404.5963763168393,BRCA2
AMPL1006954,True,0.0010897116446809002,1.2601493919995612,-6.12869498334396,1.0,pearson,112.63013803415126,3048.9369764124413,BRCA2
AMPL1006955,True,0.000942300410919847,1.0356850055142217,-6.274039246109949,1.0,pearson,110.15700576855333,2685.5691586788244,MAP2K1
AMPL1006956,True,0.0014192608081506995,2.812114032635191,-5.864471919986542,1.0,pearson,99.58606756881296,1480.5742876414483,NTRK3
AMPL1006957,True,0.012857837692398231,0.6992666439695934,-3.6606545358654117,1.0,pearson,40.17440236737267,34.21889645156633,IDH2
AMPL1006958,True,0.006909626453291909,1.1563645864612715,-4.281692520961746,1.0,pearson,53.45761947249939,122.1040196351946,NTHL1
AMPL1006959,True,0.002919194421713407,0.7993330148369862,-5.143300403179571,1.0,pearson,95.1734327476552,918.698245018321,CDH1
AMPL1006960,True,0.0024762765074777086,0.7180239430547485,-5.307852074763266,1.0,pearson,100.02690925642,1095.375448487062,CDH1
AMPL1006961,True,0.0054591362419959205,0.6683403643409693,-4.517317518616557,1.0,pearson,75.57944188241315,322.9988190212092,ZFHX3
AMPL1006962,True,0.005551912252129657,0.545845555657183,-4.500465680074274,1.0,pearson,79.50340647666788,314.8785761891036,TP53
AMPL1006963,True,0.0033640048428094935,0.6558769287078139,-5.001475916713985,1.0,pearson,92.24311188534766,759.9906124589947,ERBB2
AMPL1007045,True,0.0006441947307555471,6.811829928990915,-6.654362320057064,1.0,pearson,120.68745299079309,2913.18512532414,ERF
AMPL1007046,True,0.002210915063788453,0.6364856566490227,-5.421201612577192,1.0,pearson,108.95788950571605,1868.6051097433578,PTPRT
AMPL1007048,True,0.0032123532796318717,0.6753799899657671,-5.047604320953761,1.0,pearson,94.50099836803764,731.2665238645745,ARAF
AMPL1007049,True,0.003854997290755565,0.667516872618212,-4.865237794194289,1.0,pearson,90.81463639630573,680.9882661744919,AR
AMPL1007050,True,0.003919301813823955,0.6709530995350833,-4.848694569201441,1.0,pearson,90.27023624753677,557.7942072968627,AR
AMPL1007051,True,0.00330344768874622,0.772037038752817,-5.019641421160046,1.0,pearson,92.52825048987329,725.3936692752775,AR
AMPL10860,True,0.010635331403676427,0.48327875301216244,-3.850426488649822,1.0,pearson,55.17527256292687,78.37299428955941,ESR1
AMPL115636,True,0.00602634854066322,0.6278834907679733,-4.418466819913899,1.0,pearson,73.4987669630011,294.3997137779198,MET
AMPL117564,True,0.0010019714930991847,1.310985852094741,-6.212638546165041,1.0,pearson,111.87124310754386,3323.5436604472325,KRAS
AMPL13203,True,0.0010436088282955423,0.8620123580703724,-6.171923364714579,1.0,pearson,114.71513818059799,2506.7708071949005,MET
AMPL154433,True,0.004157497632024008,0.9179488073949866,-4.789694735904694,1.0,pearson,79.96377749389714,552.7395084735721,MET
AMPL164287,True,0.0017254330811126554,1.0170543021363456,-5.669130017934954,1.0,pearson,105.79977414956002,2370.4235740007166,SMAD4
AMPL184170,True,0.00013316223846093124,1.7706239609514232,-8.230795154528408,1.0,pearson,143.80939172147177,8028.198740724402,EGFR
AMPL236541,True,0.00044757793493790905,14.687854222316696,-7.018512698567034,1.0,pearson,139.7557226937215,3347.794913841609,ESR1
AMPL26083,True,0.0030496110931212406,1.0557278014167697,-5.0995940263850725,1.0,pearson,88.3553613796058,982.3281875584587,SMAD4
AMPL283121,True,0.0037239361556429358,0.781286838696206,-4.89982688318147,1.0,pearson,88.57581887568274,742.3978414996578,PARK2
AMPL349719,True,0.009757419009392835,0.6736653602696651,-3.9365801787280668,1.0,pearson,50.93525104687915,84.85689709546992,ARAF
AMPL362033,True,0.002585819578647954,0.8477607239720272,-5.264565589010733,1.0,pearson,98.72792685964737,1297.0902277098232,MET
AMPL399440,True,0.003346853805819166,0.6670215781178204,-5.006587356316619,1.0,pearson,92.46178796515919,668.7590387953849,EGFR
AMPL399441,True,0.0025344369279477483,0.9073427507607459,-5.28463660520392,1.0,pearson,95.37577940187484,975.5695091378531,EGFR
AMPL399443,True,0.0035418465810029822,0.8174220395961713,-4.949959874228045,1.0,pearson,89.37837515927659,694.6101870497935,EGFR
AMPL399445,True,0.0033222385392944606,0.630132456951472,-5.013969283880516,1.0,pearson,94.84110128485527,689.7070390378237,EGFR
AMPL401249,True,0.0027097225757619515,1.1009358569731287,-5.217761839338352,1.0,pearson,90.13542997376094,952.9474719866581,KRAS
AMPL401250,True,0.0017599099115583063,0.960148934352888,-5.6493454772968095,1.0,pearson,104.78706872737357,1776.2296781240013,KRAS
AMPL401252,True,0.0022973415742291166,0.8563380039473667,-5.382855481273863,1.0,pearson,101.45029866574362,1466.4271133923849,KRAS
AMPL401253,True,0.0007881672093254233,0.9735651048456337,-6.452653115481124,1.0,pearson,114.94228430459056,2932.6173158730985,KRAS
AMPL405995,True,0.0018476228817127366,0.9960269849248705,-5.600708214364739,1.0,pearson,103.5498381390987,1438.4089304739991,BRAF
AMPL410612,True,0.0018452928207253138,1.1481545942832259,-5.601970123102643,1.0,pearson,100.0025987994543,1638.847838140423,EGFR
AMPL410613,True,0.01317668441282578,0.4998131058265997,-3.6361591629959373,1.0,pearson,45.910643209265984,36.89005968277489,EGFR
AMPL410614,True,0.002510502187109447,0.5898163223270401,-5.2941252907451455,1.0,pearson,102.91332613779952,1085.3828587138007,EGFR
AMPL410616,True,0.004915894074025544,1.916852266988997,-4.622134454138191,1.0,pearson,56.63359606034494,169.52493163511306,EGFR
AMPL410617,True,0.005980093921629689,0.5764694676775471,-4.426171824624847,1.0,pearson,75.492037336094,229.94265362867498,EGFR
AMPL410618,True,0.0021248443214560483,0.5831418841793846,-5.460909559220764,1.0,pearson,108.0753742958784,1514.4357397972615,EGFR
AMPL410619,True,0.0043685438245601544,0.87733718912834,-4.740178365769571,1.0,pearson,75.13267243200171,567.776447165092,EGFR
AMPL410620,True,0.0011101966627538886,1.1787082957692108,-6.110070925139195,1.0,pearson,105.69430404133173,2151.477469012297,EGFR
AMPL410623,True,0.003335263734340194,0.812179814800058,-5.010056341419646,1.0,pearson,88.95947070914457,624.0347514421546,EGFR
AMPL410624,True,0.0042373035886835,0.6058993205103836,-4.770680977543009,1.0,pearson,88.80998695217447,564.925757266654,EGFR
AMPL410625,True,0.002144828754426656,0.83393241759323,-5.451548383995304,1.0,pearson,101.80336809987601,1623.4168281630402,EGFR
AMPL410626,True,0.0014040242471372692,0.9720849087459227,-5.875265522926908,1.0,pearson,113.16594262116733,2232.2402423899616,EGFR
AMPL410627,True,0.011206299835907579,0.6411658463120203,-3.798131992907839,1.0,pearson,46.827104827054505,55.42573676198577,EGFR
AMPL410629,True,0.004341294114287268,1.0483932546225319,-4.746435611742099,1.0,pearson,75.16340193875796,300.7223631287236,EGFR
AMPL410630,True,0.005289976645373418,0.38555659637007206,-4.548794267424977,1.0,pearson,90.01808913924884,508.31138442925885,EGFR
AMPL410631,True,0.0025983829089576208,0.6211037809161994,-5.259718804984148,1.0,pearson,102.25509692193961,1089.8127498008114,EGFR
AMPL410632,True,0.0055034323936646555,0.7088973790086807,-4.50923612926006,1.0,pearson,74.33427408601497,329.9025366000714,EGFR
AMPL410633,True,0.00345452249481417,0.6435503420062227,-4.974923857754266,1.0,pearson,94.6775976147592,901.8286092783271,EGFR
AMPL410635,True,0.003198961475689535,0.6021963383300049,-5.05178188013766,1.0,pearson,96.78372351415447,830.4123099603177,EGFR
AMPL410636,True,0.0024931423486122483,0.6674533379037153,-5.3010641961878715,1.0,pearson,102.32365768456468,1033.7247454472242,EGFR
AMPL410637,True,0.004660325874554702,0.6776993429567046,-4.675522722567684,1.0,pearson,81.0834769644896,505.9794334027292,EGFR
AMPL410638,True,0.005869583596251609,0.8481764020532857,-4.444824404704577,1.0,pearson,67.82170531581801,219.30028298335094,EGFR
AMPL410639,True,0.0011791571034218754,1.9531373485268435,-6.049808234326094,1.0,pearson,105.17655361000182,3791.005695460713,EGFR
AMPL410640,True,0.012045128682933405,2.9455801324805977,-3.7259477788978215,1.0,pearson,19.4437315790285,23.17229816550997,EGFR
AMPL410641,True,0.012229920817371237,0.5316039528382236,-3.710722623202677,1.0,pearson,47.685702097542645,41.228207456379764,EGFR
AMPL410642,True,0.026595296200025636,1.5949853667362799,-2.9338737328571196,1.0,pearson,13.33260007832714,2.1938978551577186,MET
AMPL410643,True,0.002469217135786593,0.8247829652688263,-5.310706947095533,1.0,pearson,99.722113413309,1833.5914377776649,MET
AMPL410644,True,0.003423278920843294,0.9774079548952792,-4.984009257869156,1.0,pearson,83.29775584627254,963.1794824047187,MET
AMPL410645,True,0.02389328242216384,2.3574191258574,-3.041010749194709,1.0,pearson,11.913586005738637,3.265772587769036,MET
AMPL410646,True,0.0023079501925049296,1.2854205048363903,-5.378248330379679,1.0,pearson,92.43208519699597,1580.2226268693837,MET
AMPL410648,True,0.0014728969410442421,0.9705154828537607,-5.827376928736134,1.0,pearson,107.47460542519498,1900.8945932540046,MET
AMPL410649,True,0.0041997860500141955,0.5347957783391913,-4.77957451490319,1.0,pearson,92.26532390426193,696.3677514909735,MET
AMPL410651,True,0.004044012916074135,1.4340863058584017,-4.817370603383277,1.0,pearson,67.28483869776956,493.63574353613404,MET
AMPL410652,True,0.0020124439832338026,0.8137659792527924,-5.515258202916981,1.0,pearson,106.46281949383442,1416.693349756909,MET
AMPL410653,True,0.001686086079758244,1.280937558379677,-5.6921981845359495,1.0,pearson,103.86134358761838,2265.688675785905,MET
AMPL410654,True,0.002887041757359612,0.8197695333078253,-5.154375733918177,1.0,pearson,96.60197842097855,864.0576496468053,MET
AMPL410656,True,0.0020438827793156,0.7843698411913733,-5.49975677639666,1.0,pearson,108.0137445719645,2018.4673090523502,MET
AMPL410657,True,0.0027177186591586956,1.6361407732866824,-5.2148152982941,1.0,pearson,77.96341737182611,1120.379300530927,MET
AMPL410658,True,0.0012858400383900942,0.9285505185757785,-5.963195867287401,1.0,pearson,108.87406297704572,2407.98999475462,MET
AMPL410660,True,0.0017886647958137065,0.9913792846221158,-5.633138681035772,1.0,pearson,102.60062113035663,1525.1696490447457,MET
AMPL410661,True,0.004365947605821986,0.6791510824261723,-4.740772840865304,1.0,pearson,85.03454228733216,566.6754395120716,MET
AMPL410662,True,0.0027002764241620355,0.8976621832704279,-5.221253951333041,1.0,pearson,93.37046659434934,912.2556382587488,MET
AMPL410663,True,0.0008865748514744174,1.291249534560829,-6.3349978206271675,1.0,pearson,115.09684325163252,3361.008304399561,MET
AMPL410664,True,0.005140837651757253,1.242600898071062,-4.577392064964893,1.0,pearson,59.44920851951388,323.7848415609266,MET
AMPL418563,True,0.00567082440844422,0.7675175201933453,-4.479273592937164,1.0,pearson,70.38191056313953,213.00499124346427,NRAS
AMPL430675,True,9.721693830839017e-05,19.629461941481853,-8.545418418687872,1.0,pearson,214.98197412168912,13388.094779827685,ALK
AMPL456669,True,0.0017677519265158704,0.8677056720666984,-5.644899457108172,1.0,pearson,108.66941700893447,1565.0119234933152,BRCA2
AMPL459008,True,0.0008822500735952658,1.0159432992488504,-6.339887831431253,1.0,pearson,116.56146509337628,3395.3834948913604,SMAD4
AMPL479589,True,0.004522811796183135,1.540683897281506,-4.705474219187284,1.0,pearson,60.433256483506845,366.56107045198104,SMAD4
AMPL479590,True,0.004331701446459269,0.7252827043570217,-4.748647689834945,1.0,pearson,84.1261372985747,503.7959559016753,SMAD4
AMPL479591,True,0.0036126577515791123,0.9266681942585201,-4.930164377679878,1.0,pearson,84.04253596833304,780.3700058702202,SMAD4
AMPL479592,True,0.0014224969584666711,0.9567977003009099,-5.862194349566641,1.0,pearson,109.32778348830558,2145.1695985978595,SMAD4
AMPL479594,True,0.007735877586134747,0.9197472146742269,-4.168739164319001,1.0,pearson,52.6784497557264,117.40068070121406,SMAD4
AMPL479595,True,0.007019384641897431,0.8675522382049556,-4.265932542076015,1.0,pearson,59.928146620958934,100.90236282573616,SMAD4
AMPL479596,True,0.00157480347603858,1.0455578943192827,-5.76047761104827,1.0,pearson,108.79285812260076,2518.1716643334175,SMAD4
AMPL479597,True,0.001470074957913333,1.1585496741010468,-5.829294707153806,1.0,pearson,107.75969352886214,2279.5621191276946,SMAD4
AMPL479599,True,0.0018820813019386322,0.8215220264699333,-5.582229858437234,1.0,pearson,109.96789199951576,2069.6683614570807,SMAD4
AMPL533526,True,0.0026410054789077833,1.0000089869631121,-5.2434483905513085,1.0,pearson,94.53029897117932,871.5329512527884,PIK3CA
AMPL607798,True,0.0008508292065174398,3.109894831427485,-6.376151966367685,1.0,pearson,105.94673247634317,2914.801364991471,ESR1
AMPL607800,True,0.0013954704718501215,1.4311882920918084,-5.88137648420028,1.0,pearson,104.33905822748041,2809.6652831847496,ESR1
AMPL607801,True,0.0041801225164593775,0.8820750089492353,-4.784267542157315,1.0,pearson,80.33148919867759,528.06859400444,ESR1
AMPL607802,True,0.0030301026796569633,1.3694372288798824,-5.106011591799523,1.0,pearson,83.27198184175887,843.5707235988159,ESR1
AMPL607803,True,0.0014943478340536452,0.6267998474842535,-5.8129182181583845,1.0,pearson,115.26301306577108,2454.657284043724,ESR1
AMPL607804,True,0.00045835203059177535,1.2366361016577219,-6.994725862785401,1.0,pearson,122.87690306719205,5840.342006762011,ESR1
AMPL607805,True,0.002173412914622886,1.0230037061467627,-5.438309394664362,1.0,pearson,99.73186911113535,1545.3034235284122,ESR1
AMPL607806,True,0.0027251375265697586,0.54722754690949,-5.212089203114508,1.0,pearson,104.95952846704091,1448.992354011946,ESR1
AMPL607808,True,0.004278601654693819,0.7561756899043204,-4.760981858404882,1.0,pearson,83.50923404211989,389.51593374439705,ESR1
AMPL698270,True,0.00011112272583156958,1.4056866706429967,-8.411728148737424,1.0,pearson,140.8036917961874,5336.601613936366,KIT
AMPL716928,True,0.004242105833842396,0.9995638717816167,-4.769548293547454,1.0,pearson,76.17189828855022,466.8195590441208,BRCA2
AMPL937938,True,0.0016463122529821355,0.9419319925776821,-5.716070310038491,1.0,pearson,107.71305664428291,1949.7270237727091,PDGFRA
