AF,chr12:25398285:C/A
cell_1003-RY,0.8902077151335311
cell_1004-RY,35.11450381679389
cell_1006-RY,1.4084507042253522
cell_1007-RY,8.583690987124463
cell_1008-RY,19.230769230769234
cell_1009-RY,2.6936026936026933
cell_101-RY,13.259668508287293
cell_1011-RY,0.9966777408637874
cell_1014-RY,0.641025641025641
cell_1018-RY,8.791208791208792
cell_1019-RY,2.1052631578947367
cell_1023-RY,7.042253521126761
cell_1026-RY,6.718346253229974
cell_1027-RY,2.4752475247524752
cell_1029-RY,6.770833333333333
cell_1032-RY,3.389830508474576
cell_1036-RY,7.142857142857142
cell_1039-RY,3.8247566063977745
cell_1040-RY,14.128440366972479
cell_1041-RY,5.164319248826291
cell_1043-RY,3.076923076923077
cell_1044-RY,3.8461538461538463
cell_1047-RY,40.5940594059406
cell_1048-RY,3.1719532554257093
cell_1049-RY,10.9375
cell_1050-RY,0.641025641025641
cell_1051-RY,3.262642740619902
cell_1052-RY,6.666666666666667
cell_1055-RY,2.616279069767442
cell_106-RY,1.8181818181818181
cell_1062-RY,11.343804537521814
cell_1063-RY,1.36986301369863
cell_1064-RY,16.93548387096774
cell_1067-RY,2.7027027027027026
cell_107-RY,5.836575875486381
cell_1071-RY,5.970149253731343
cell_1072-RY,1.5625
cell_1076-RY,4.024767801857585
cell_1080-RY,1.4084507042253522
cell_1081-RY,3.582089552238806
cell_1082-RY,37.735849056603776
cell_1083-RY,2.928870292887029
cell_1085-RY,14.678899082568808
cell_1086-RY,1.9455252918287937
cell_1087-RY,6.415094339622642
cell_1088-RY,6.007067137809187
cell_109-RY,2.5
cell_1090-RY,13.471502590673575
cell_1093-RY,9.615384615384617
cell_1094-RY,5.6000000000000005
cell_1095-RY,2.8112449799196786
cell_1099-RY,4.260651629072681
cell_110-RY,1.882845188284519
cell_1100-RY,15.384615384615385
cell_1102-RY,14.583333333333334
cell_1103-RY,12.351543942992874
cell_1108-RY,20.0
cell_1109-RY,3.0013642564802185
cell_1111-RY,1.6194331983805668
cell_1115-RY,15.254237288135593
cell_1116-RY,1.680672268907563
cell_1118-RY,4.615384615384616
cell_1120-RY,1.639344262295082
cell_1123-RY,4.5321637426900585
cell_1128-RY,5.555555555555555
cell_1129-RY,11.11111111111111
cell_1132-RY,26.01626016260163
cell_1134-RY,3.597122302158273
cell_1137-RY,0.5802707930367506
cell_1138-RY,8.771929824561402
cell_1142-RY,16.3265306122449
cell_1147-RY,1.5817223198594026
cell_115-RY,0.6493506493506493
cell_1151-RY,8.55614973262032
cell_1152-RY,1.3227513227513228
cell_1154-RY,5.154639175257731
cell_1159-RY,3.2994923857868024
cell_1166-RY,2.3564064801178204
cell_1168-RY,10.526315789473683
cell_1170-RY,1.5151515151515151
cell_1171-RY,13.10344827586207
cell_1173-RY,3.6231884057971016
cell_1176-RY,4.285714285714286
cell_1179-RY,0.9009009009009009
cell_1181-RY,1.1363636363636365
cell_1184-RY,17.708333333333336
cell_1187-RY,2.710843373493976
cell_119-RY,2.9850746268656714
cell_1190-RY,100.0
cell_1196-RY,3.65296803652968
cell_1197-RY,1.9230769230769231
cell_1199-RY,14.414414414414415
cell_12-RY,1.4586709886547813
cell_1200-RY,2.631578947368421
cell_1204-RY,1.7543859649122806
cell_1205-RY,12.631578947368421
cell_1209-RY,15.686274509803921
cell_1211-RY,3.067484662576687
cell_1212-RY,16.831683168316832
cell_1214-RY,0.945179584120983
cell_122-RY,15.217391304347828
cell_1220-RY,10.31578947368421
cell_1227-RY,4.892966360856269
cell_1228-RY,3.483606557377049
cell_1229-RY,3.225806451612903
cell_123-RY,4.166666666666666
cell_1230-RY,6.756756756756757
cell_1231-RY,15.384615384615385
cell_1233-RY,2.0242914979757085
cell_1235-RY,0.7692307692307693
cell_1236-RY,3.4129692832764507
cell_1238-RY,2.5316455696202533
cell_124-RY,1.5873015873015872
cell_1240-RY,64.51612903225806
cell_1242-RY,22.22222222222222
cell_1244-RY,9.523809523809524
cell_1245-RY,4.882459312839059
cell_1250-RY,4.285714285714286
cell_1251-RY,13.432835820895523
cell_1252-RY,1.6877637130801686
cell_1255-RY,4.924242424242424
cell_1257-RY,3.286384976525822
cell_1258-RY,0.7604562737642585
cell_1259-RY,5.570291777188329
cell_1264-RY,2.7777777777777777
cell_1265-RY,5.88235294117647
cell_1268-RY,4.705882352941177
cell_127-RY,0.3412969283276451
cell_1271-RY,3.7953795379537953
cell_1274-RY,2.4
cell_1277-RY,5.128205128205128
cell_128-RY,8.585858585858585
cell_1280-RY,2.5423728813559325
cell_1282-RY,10.465116279069768
cell_1283-RY,5.714285714285714
cell_1284-RY,0.7874015748031495
cell_1285-RY,2.754237288135593
cell_1288-RY,2.553191489361702
cell_129-RY,8.118081180811808
cell_1291-RY,5.743243243243244
cell_1292-RY,2.051282051282051
cell_1293-RY,7.547169811320755
cell_1299-RY,1.2987012987012987
cell_130-RY,17.647058823529413
cell_1300-RY,6.147540983606557
cell_1302-RY,1.1278195488721803
cell_1304-RY,8.80195599022005
cell_1306-RY,4.013377926421405
cell_1307-RY,1.8433179723502304
cell_1308-RY,2.806122448979592
cell_131-RY,0.15527950310559005
cell_1310-RY,4.6875
cell_1312-RY,3.5185185185185186
cell_1313-RY,12.177121771217712
cell_1314-RY,3.515625
cell_1315-RY,8.333333333333332
cell_1316-RY,2.4390243902439024
cell_1317-RY,4.700854700854701
cell_1319-RY,1.7167381974248928
cell_1320-RY,4.29042904290429
cell_1321-RY,33.76623376623377
cell_1325-RY,6.4655172413793105
cell_1327-RY,2.912621359223301
cell_1328-RY,3.4482758620689653
cell_1329-RY,4.30379746835443
cell_1330-RY,3.6619718309859155
cell_1335-RY,0.7984031936127743
cell_1341-RY,12.5
cell_1342-RY,2.3706896551724137
cell_1348-RY,5.158730158730158
cell_1351-RY,3.153153153153153
cell_1352-RY,8.027522935779817
cell_1356-RY,7.08955223880597
cell_1360-RY,1.550387596899225
cell_1362-RY,4.615384615384616
cell_1363-RY,2.9962546816479403
cell_1364-RY,2.357563850687623
cell_1373-RY,2.608695652173913
cell_1374-RY,7.12401055408971
cell_1379-RY,1.69971671388102
cell_138-RY,4.633204633204633
cell_1385-RY,3.056768558951965
cell_1387-RY,8.333333333333332
cell_1388-RY,3.546099290780142
cell_1390-RY,6.487341772151899
cell_1392-RY,3.214285714285714
cell_1395-RY,6.122448979591836
cell_1396-RY,2.7777777777777777
cell_1398-RY,2.3255813953488373
cell_1399-RY,2.6548672566371683
cell_14-RY,3.8596491228070176
cell_1407-RY,2.0179372197309418
cell_1414-RY,1.8867924528301887
cell_1415-RY,2.2556390977443606
cell_1416-RY,1.0204081632653061
cell_1418-RY,1.7857142857142856
cell_1420-RY,9.663865546218489
cell_1421-RY,6.25
cell_1422-RY,6.0606060606060606
cell_1424-RY,1.7948717948717947
cell_1425-RY,3.2467532467532463
cell_1428-RY,2.5889967637540456
cell_143-RY,3.591160220994475
cell_1430-RY,2.0648967551622417
cell_1431-RY,5.072463768115942
cell_1432-RY,6.517311608961303
cell_1434-RY,2.807017543859649
cell_1438-RY,18.085106382978726
cell_1439-RY,1.6091954022988506
cell_144-RY,7.2727272727272725
cell_1440-RY,1.1037527593818985
cell_1442-RY,4.3478260869565215
cell_1443-RY,2.631578947368421
cell_1445-RY,1.82648401826484
cell_1448-RY,4.183266932270916
cell_145-RY,12.5
cell_1454-RY,4.761904761904762
cell_1455-RY,3.0534351145038165
cell_1457-RY,5.41871921182266
cell_1458-RY,6.349206349206349
cell_1459-RY,4.938271604938271
cell_146-RY,5.637254901960785
cell_1461-RY,2.109704641350211
cell_1467-RY,1.8518518518518516
cell_147-RY,7.352941176470589
cell_1473-RY,1.4134275618374559
cell_1476-RY,6.5743944636678195
cell_148-RY,2.797202797202797
cell_1480-RY,6.1946902654867255
cell_1483-RY,2.3346303501945527
cell_1485-RY,6.122448979591836
cell_1488-RY,2.1534320323014806
cell_1489-RY,1.4416775884665793
cell_1491-RY,5.194805194805195
cell_1492-RY,2.9715762273901807
cell_1493-RY,7.35009671179884
cell_150-RY,4.30622009569378
cell_1500-RY,7.657657657657657
cell_1502-RY,8.724832214765101
cell_1505-RY,8.791208791208792
cell_1507-RY,1.841620626151013
cell_1508-RY,5.970149253731343
cell_1509-RY,14.695340501792115
cell_1510-RY,5.0
cell_1512-RY,0.7352941176470588
cell_1516-RY,1.9780219780219779
cell_1517-RY,8.333333333333332
cell_1518-RY,3.4482758620689653
cell_1519-RY,3.225806451612903
cell_1521-RY,5.304010349288486
cell_1522-RY,5.800464037122969
cell_1524-RY,31.313131313131315
cell_1527-RY,0.425531914893617
cell_1528-RY,1.0526315789473684
cell_1529-RY,3.064516129032258
cell_1530-RY,62.5
cell_1531-RY,1.1764705882352942
cell_1533-RY,3.2702237521514634
cell_1534-RY,6.0606060606060606
cell_1535-RY,2.41635687732342
cell_1536-RY,2.197802197802198
cell_1537-RY,13.043478260869565
cell_1539-RY,1.06951871657754
cell_154-RY,4.870129870129871
cell_1541-RY,1.555352241537054
cell_155-RY,4.41988950276243
cell_1550-RY,13.586956521739129
cell_1551-RY,2.0779220779220777
cell_1552-RY,2.631578947368421
cell_1553-RY,2.1739130434782608
cell_1555-RY,63.51351351351351
cell_1557-RY,8.695652173913043
cell_1558-RY,2.0202020202020203
cell_1560-RY,0.8032128514056224
cell_1561-RY,8.60655737704918
cell_1563-RY,2.9197080291970803
cell_1564-RY,2.576112412177986
cell_1565-RY,2.8112449799196786
cell_1566-RY,4.081632653061225
cell_1567-RY,1.4388489208633095
cell_1569-RY,7.923497267759563
cell_157-RY,5.092592592592593
cell_1570-RY,7.079646017699115
cell_1573-RY,2.608695652173913
cell_1574-RY,2.5196850393700787
cell_158-RY,3.2432432432432434
cell_1580-RY,16.666666666666664
cell_1581-RY,5.797101449275362
cell_1587-RY,8.333333333333332
cell_1592-RY,1.8518518518518516
cell_1598-RY,4.761904761904762
cell_16-RY,10.7981220657277
cell_1600-RY,5.491329479768786
cell_1605-RY,6.395348837209303
cell_1606-RY,4.0
cell_1607-RY,10.76388888888889
cell_161-RY,3.35195530726257
cell_1614-RY,5.271565495207668
cell_1615-RY,0.3205128205128205
cell_1619-RY,8.444444444444445
cell_162-RY,3.9473684210526314
cell_1620-RY,2.93040293040293
cell_1621-RY,3.7383177570093453
cell_1622-RY,2.287581699346405
cell_1623-RY,4.207119741100324
cell_1624-RY,4.545454545454546
cell_1627-RY,3.015075376884422
cell_163-RY,4.457364341085271
cell_1631-RY,5.228758169934641
cell_1635-RY,3.225806451612903
cell_1637-RY,1.4397905759162304
cell_1640-RY,13.658536585365855
cell_1641-RY,34.92063492063492
cell_1644-RY,0.7317073170731708
cell_1645-RY,2.7472527472527473
cell_1646-RY,1.4970059880239521
cell_1647-RY,2.7777777777777777
cell_1651-RY,36.486486486486484
cell_1653-RY,4.3478260869565215
cell_1654-RY,4.498269896193772
cell_1656-RY,7.26643598615917
cell_1658-RY,10.704225352112676
cell_1661-RY,1.090909090909091
cell_1664-RY,0.7067137809187279
cell_1665-RY,3.3707865168539324
cell_1668-RY,26.229508196721312
cell_1669-RY,1.866666666666667
cell_1670-RY,3.5483870967741935
cell_1671-RY,7.801418439716312
cell_1674-RY,0.5714285714285714
cell_1678-RY,4.451038575667656
cell_1681-RY,3.8461538461538463
cell_1682-RY,3.5999999999999996
cell_1683-RY,4.545454545454546
cell_1684-RY,9.883720930232558
cell_1685-RY,3.4482758620689653
cell_1686-RY,6.122448979591836
cell_1691-RY,11.971830985915492
cell_1693-RY,12.968299711815561
cell_1694-RY,4.372842347525892
cell_1698-RY,8.88888888888889
cell_1699-RY,1.8181818181818181
cell_1700-RY,3.0303030303030303
cell_1703-RY,4.123711340206185
cell_1705-RY,2.181818181818182
cell_1708-RY,6.090373280943026
cell_1709-RY,9.090909090909092
cell_1710-RY,10.0
cell_1715-RY,3.2
cell_1716-RY,5.813953488372093
cell_1718-RY,3.6363636363636362
cell_1719-RY,0.6802721088435374
cell_172-RY,3.7383177570093453
cell_1721-RY,10.441767068273093
cell_1722-RY,9.743589743589745
cell_1723-RY,12.389380530973451
cell_1724-RY,11.572052401746726
cell_1727-RY,3.4615384615384617
cell_1728-RY,5.123674911660777
cell_1729-RY,2.3391812865497075
cell_1733-RY,1.2861736334405145
cell_1740-RY,2.8688524590163933
cell_1741-RY,2.5316455696202533
cell_1744-RY,5.3156146179401995
cell_175-RY,1.3461538461538463
cell_1751-RY,35.41666666666667
cell_1753-RY,6.8181818181818175
cell_1754-RY,1.7948717948717947
cell_1756-RY,4.455445544554455
cell_1760-RY,4.3343653250774
cell_1765-RY,3.7900874635568513
cell_1768-RY,11.29032258064516
cell_177-RY,1.0638297872340425
cell_1773-RY,25.423728813559322
cell_1774-RY,1.7647058823529411
cell_1775-RY,3.225806451612903
cell_1777-RY,5.128205128205128
cell_178-RY,0.5970149253731344
cell_1780-RY,7.671232876712329
cell_1783-RY,1.4925373134328357
cell_1785-RY,2.0771513353115725
cell_1786-RY,4.3478260869565215
cell_1787-RY,3.6170212765957444
cell_1788-RY,1.6260162601626018
cell_179-RY,1.2658227848101267
cell_1790-RY,1.5432098765432098
cell_1793-RY,1.4388489208633095
cell_1794-RY,6.707317073170732
cell_1797-RY,10.81081081081081
cell_1798-RY,43.47826086956522
cell_1799-RY,1.2422360248447204
cell_180-RY,5.46875
cell_1800-RY,4.046242774566474
cell_1803-RY,39.62264150943396
cell_1804-RY,4.23728813559322
cell_1806-RY,3.7735849056603774
cell_1808-RY,3.022670025188917
cell_181-RY,9.913793103448276
cell_1810-RY,5.434782608695652
cell_1811-RY,9.202453987730062
cell_1812-RY,4.3478260869565215
cell_1813-RY,6.8181818181818175
cell_1814-RY,35.714285714285715
cell_1815-RY,8.799999999999999
cell_182-RY,11.538461538461538
cell_1820-RY,28.8135593220339
cell_1822-RY,1.5432098765432098
cell_1824-RY,0.9887005649717515
cell_1829-RY,3.4562211981566824
cell_183-RY,3.125
cell_1833-RY,3.39943342776204
cell_1835-RY,1.5974440894568689
cell_1837-RY,2.380952380952381
cell_1838-RY,1.6091954022988506
cell_184-RY,3.0534351145038165
cell_1842-RY,0.8403361344537815
cell_1843-RY,1.6203703703703702
cell_1845-RY,1.680672268907563
cell_1846-RY,7.2434607645875255
cell_1847-RY,5.025125628140704
cell_1849-RY,9.67741935483871
cell_185-RY,7.169811320754717
cell_1852-RY,1.6042780748663104
cell_1857-RY,2.479338842975207
cell_1859-RY,7.2727272727272725
cell_186-RY,4.8
cell_1862-RY,5.466237942122187
cell_1863-RY,6.329113924050633
cell_1867-RY,8.424908424908425
cell_1868-RY,0.7736943907156674
cell_187-RY,5.521472392638037
cell_1870-RY,5.2356020942408374
cell_1871-RY,7.623318385650224
cell_1876-RY,1.694915254237288
cell_1879-RY,2.73224043715847
cell_1880-RY,17.56756756756757
cell_1882-RY,4.212860310421286
cell_1883-RY,3.7037037037037033
cell_1884-RY,5.291005291005291
cell_1885-RY,12.0
cell_1888-RY,1.7094017094017095
cell_1889-RY,2.955665024630542
cell_189-RY,1.37524557956778
cell_1891-RY,4.390243902439024
cell_1893-RY,2.7906976744186047
cell_1894-RY,0.8130081300813009
cell_1895-RY,8.879492600422834
cell_1896-RY,3.0927835051546393
cell_1897-RY,7.638888888888889
cell_19-RY,8.108108108108109
cell_1900-RY,5.88235294117647
cell_1902-RY,42.10526315789473
cell_1904-RY,6.70391061452514
cell_1905-RY,1.2048192771084338
cell_1907-RY,4.239401496259352
cell_1908-RY,3.8860103626943006
cell_1909-RY,4.761904761904762
cell_1920-RY,6.796116504854369
cell_1921-RY,5.943536404160475
cell_1922-RY,2.5
cell_1923-RY,2.5
cell_1925-RY,1.8518518518518516
cell_1927-RY,3.015075376884422
cell_1930-RY,6.75990675990676
cell_1931-RY,16.445623342175068
cell_1935-RY,9.090909090909092
cell_1939-RY,1.6483516483516485
cell_1941-RY,1.5444015444015444
cell_1943-RY,3.3582089552238807
cell_1944-RY,5.384615384615385
cell_1945-RY,2.272727272727273
cell_1951-RY,16.037735849056602
cell_1952-RY,3.9193729003359463
cell_1955-RY,10.75268817204301
cell_1956-RY,1.6194331983805668
cell_196-RY,10.047846889952153
cell_1960-RY,6.944444444444445
cell_1964-RY,20.414201183431953
cell_1966-RY,38.55421686746988
cell_1967-RY,0.2557544757033248
cell_1970-RY,4.046242774566474
cell_1972-RY,6.291390728476822
cell_1973-RY,9.554140127388536
cell_1975-RY,2.2838499184339316
cell_1979-RY,6.827309236947792
cell_1981-RY,4.143646408839778
cell_1986-RY,1.4598540145985401
cell_1993-RY,3.278688524590164
cell_1997-RY,4.385964912280701
cell_200-RY,2.6548672566371683
cell_2000-RY,2.568218298555377
cell_2001-RY,1.0351966873706004
cell_2002-RY,1.805869074492099
cell_2003-RY,0.9861932938856016
cell_2004-RY,4.149377593360995
cell_2005-RY,3.2171581769436997
cell_2006-RY,1.3888888888888888
cell_2007-RY,3.546099290780142
cell_2009-RY,17.874396135265698
cell_201-RY,8.108108108108109
cell_2011-RY,4.761904761904762
cell_2012-RY,0.3766478342749529
cell_2013-RY,1.8867924528301887
cell_2017-RY,20.0
cell_2019-RY,2.857142857142857
cell_202-RY,3.125
cell_2021-RY,0.8670520231213872
cell_2024-RY,1.1627906976744187
cell_2026-RY,0.8103727714748784
cell_2029-RY,3.9603960396039604
cell_203-RY,5.157593123209169
cell_2034-RY,20.0
cell_2036-RY,12.345679012345679
cell_204-RY,4.225352112676056
cell_2042-RY,2.027027027027027
cell_2043-RY,7.4074074074074066
cell_2045-RY,6.851851851851852
cell_2046-RY,0.15060240963855423
cell_2048-RY,3.3204633204633205
cell_2050-RY,5.633802816901409
cell_2051-RY,3.902439024390244
cell_2052-RY,1.532567049808429
cell_2053-RY,8.51063829787234
cell_2054-RY,52.77777777777778
cell_2055-RY,8.333333333333332
cell_2057-RY,5.747126436781609
cell_2058-RY,3.542673107890499
cell_2063-RY,72.72727272727273
cell_2064-RY,7.868020304568528
cell_2066-RY,0.5025125628140703
cell_2067-RY,3.255813953488372
cell_2068-RY,5.952380952380952
cell_2069-RY,0.42194092827004215
cell_2072-RY,1.1494252873563218
cell_2074-RY,3.6101083032490973
cell_2077-RY,8.835341365461847
cell_2081-RY,14.678899082568808
cell_2086-RY,58.82352941176471
cell_2089-RY,13.989637305699482
cell_2090-RY,2.4128686327077746
cell_2094-RY,6.143344709897611
cell_2095-RY,5.7441253263707575
cell_2096-RY,16.071428571428573
cell_2097-RY,2.0202020202020203
cell_2098-RY,3.3582089552238807
cell_2099-RY,10.38961038961039
cell_210-RY,9.01639344262295
cell_2100-RY,2.2617124394184165
cell_2101-RY,6.995884773662551
cell_2106-RY,4.790419161676647
cell_211-RY,1.4925373134328357
cell_2115-RY,12.616822429906541
cell_2116-RY,4.554865424430641
cell_212-RY,1.1627906976744187
cell_2121-RY,3.7383177570093453
cell_2122-RY,6.355140186915888
cell_2125-RY,2.344827586206897
cell_213-RY,3.6585365853658534
cell_2130-RY,0.44150110375275936
cell_2132-RY,14.720812182741117
cell_2133-RY,5.096418732782369
cell_2137-RY,0.423728813559322
cell_2143-RY,3.125
cell_2144-RY,6.451612903225806
cell_2147-RY,9.03954802259887
cell_2148-RY,1.0033444816053512
cell_2149-RY,5.144694533762058
cell_2150-RY,4.705882352941177
cell_2151-RY,9.72972972972973
cell_2157-RY,2.941176470588235
cell_2159-RY,4.385964912280701
cell_2161-RY,3.6945812807881775
cell_2162-RY,4.778156996587031
cell_2163-RY,2.1739130434782608
cell_2164-RY,0.9485094850948509
cell_2166-RY,1.8678160919540232
cell_2169-RY,0.9345794392523363
cell_217-RY,4.615384615384616
cell_2171-RY,3.6290322580645165
cell_2172-RY,3.146067415730337
cell_2175-RY,6.75
cell_2176-RY,11.461318051575931
cell_2177-RY,94.11764705882352
cell_2178-RY,5.675675675675676
cell_2182-RY,6.324110671936759
cell_2184-RY,1.76017601760176
cell_2193-RY,4.166666666666666
cell_2195-RY,1.5151515151515151
cell_2198-RY,7.4074074074074066
cell_220-RY,4.694167852062589
cell_2202-RY,2.1212121212121215
cell_2203-RY,3.6585365853658534
cell_2207-RY,5.637982195845697
cell_2211-RY,10.0
cell_2212-RY,0.9900990099009901
cell_2213-RY,1.5384615384615385
cell_2215-RY,1.0810810810810811
cell_2216-RY,18.181818181818183
cell_222-RY,6.666666666666667
cell_2221-RY,14.237288135593221
cell_2223-RY,2.380952380952381
cell_2226-RY,1.8018018018018018
cell_2227-RY,4.651162790697675
cell_2230-RY,2.380952380952381
cell_2236-RY,12.359550561797752
cell_2237-RY,7.865168539325842
cell_2239-RY,7.653061224489796
cell_224-RY,3.5502958579881656
cell_2242-RY,6.2745098039215685
cell_2243-RY,4.956268221574344
cell_2244-RY,4.074074074074074
cell_2245-RY,5.813953488372093
cell_2246-RY,4.761904761904762
cell_2249-RY,5.476190476190476
cell_2250-RY,1.2232415902140672
cell_2254-RY,9.280303030303031
cell_2256-RY,6.451612903225806
cell_2258-RY,1.5730337078651686
cell_2259-RY,5.673758865248227
cell_226-RY,4.990019960079841
cell_2260-RY,16.94915254237288
cell_2261-RY,6.20347394540943
cell_2262-RY,1.488833746898263
cell_2264-RY,1.2658227848101267
cell_2266-RY,5.128205128205128
cell_2267-RY,12.244897959183673
cell_2271-RY,40.77669902912621
cell_2272-RY,3.816793893129771
cell_2274-RY,3.0303030303030303
cell_2275-RY,1.7582417582417582
cell_2277-RY,1.9543973941368076
cell_2278-RY,23.88059701492537
cell_2279-RY,7.6923076923076925
cell_228-RY,1.680672268907563
cell_2284-RY,4.3478260869565215
cell_2286-RY,5.93607305936073
cell_2289-RY,6.031746031746032
cell_2293-RY,1.2195121951219512
cell_2294-RY,43.13725490196079
cell_2295-RY,3.076923076923077
cell_2296-RY,2.7439024390243905
cell_2298-RY,2.898550724637681
cell_23-RY,4.411764705882353
cell_2300-RY,5.681818181818182
cell_2302-RY,6.666666666666667
cell_2304-RY,3.776978417266187
cell_2305-RY,4.016064257028113
cell_231-RY,4.166666666666666
cell_2316-RY,23.809523809523807
cell_2323-RY,3.1746031746031744
cell_2324-RY,3.2679738562091507
cell_2329-RY,1.0204081632653061
cell_2334-RY,6.666666666666667
cell_2336-RY,10.552763819095476
cell_2340-RY,63.1578947368421
cell_2341-RY,2.73972602739726
cell_2342-RY,12.592592592592592
cell_2345-RY,4.712041884816754
cell_2347-RY,8.169014084507042
cell_2352-RY,6.557377049180328
cell_2354-RY,2.608695652173913
cell_2355-RY,3.111111111111111
cell_2357-RY,17.391304347826086
cell_2359-RY,2.404809619238477
cell_2362-RY,5.18783542039356
cell_2364-RY,10.7981220657277
cell_2365-RY,3.1746031746031744
cell_2370-RY,4.281345565749235
cell_2372-RY,28.846153846153843
cell_2374-RY,4.582651391162029
cell_2376-RY,5.628517823639775
cell_238-RY,3.2520325203252036
cell_2380-RY,9.18580375782881
cell_2382-RY,1.1029411764705883
cell_2386-RY,2.18978102189781
cell_2387-RY,8.275862068965518
cell_2388-RY,1.3227513227513228
cell_239-RY,2.380952380952381
cell_2397-RY,3.389830508474576
cell_2399-RY,7.535321821036106
cell_24-RY,4.56140350877193
cell_2403-RY,1.1904761904761905
cell_2408-RY,0.4629629629629629
cell_241-RY,5.704099821746881
cell_2410-RY,9.8989898989899
cell_2411-RY,0.9345794392523363
cell_2412-RY,10.720562390158172
cell_2414-RY,1.524390243902439
cell_242-RY,3.508771929824561
cell_2422-RY,2.0676691729323307
cell_2424-RY,2.4390243902439024
cell_2425-RY,4.545454545454546
cell_2427-RY,9.75206611570248
cell_243-RY,0.7207207207207207
cell_2430-RY,0.23201856148491878
cell_2431-RY,2.4745269286754
cell_2435-RY,8.641975308641975
cell_2437-RY,3.571428571428571
cell_2438-RY,1.3812154696132597
cell_244-RY,12.45674740484429
cell_2444-RY,3.488372093023256
cell_2445-RY,3.2128514056224895
cell_2447-RY,5.9967585089141
cell_2448-RY,13.861386138613863
cell_2452-RY,0.5524861878453038
cell_2454-RY,3.2301480484522207
cell_2457-RY,2.6027397260273974
cell_2458-RY,2.950310559006211
cell_246-RY,5.426356589147287
cell_2460-RY,23.076923076923077
cell_2464-RY,4.225352112676056
cell_2465-RY,0.5
cell_2467-RY,2.4390243902439024
cell_2469-RY,1.3157894736842104
cell_2470-RY,3.021978021978022
cell_2471-RY,5.319148936170213
cell_2473-RY,3.131115459882583
cell_2474-RY,5.46218487394958
cell_2475-RY,1.171875
cell_2479-RY,2.6392961876832843
cell_248-RY,5.540166204986149
cell_2481-RY,0.8733624454148471
cell_2482-RY,1.1673151750972763
cell_2483-RY,66.66666666666666
cell_2484-RY,24.378109452736318
cell_2485-RY,5.82010582010582
cell_2488-RY,1.2455516014234875
cell_2489-RY,3.050847457627119
cell_2492-RY,3.10077519379845
cell_2498-RY,1.1235955056179776
cell_250-RY,3.968253968253968
cell_2500-RY,2.751196172248804
cell_2502-RY,1.7699115044247788
cell_2504-RY,4.774535809018567
cell_2505-RY,2.4021352313167257
cell_2511-RY,5.88235294117647
cell_2514-RY,3.3333333333333335
cell_2517-RY,14.479638009049776
cell_252-RY,4.030710172744722
cell_2522-RY,10.256410256410255
cell_2523-RY,1.8518518518518516
cell_2524-RY,5.008944543828265
cell_2539-RY,1.0309278350515463
cell_2540-RY,15.193370165745856
cell_2541-RY,2.264808362369338
cell_2544-RY,17.16417910447761
cell_2545-RY,1.3866231647634584
cell_2546-RY,1.8518518518518516
cell_2550-RY,4.787234042553192
cell_2554-RY,5.263157894736842
cell_2561-RY,4.069767441860465
cell_2563-RY,2.735562310030395
cell_2568-RY,5.416666666666667
cell_2569-RY,6.280193236714976
cell_257-RY,3.202846975088968
cell_2570-RY,12.5
cell_2572-RY,2.0804438280166435
cell_2575-RY,3.2407407407407405
cell_2576-RY,0.7518796992481203
cell_2579-RY,5.570291777188329
cell_2581-RY,0.9259259259259258
cell_2582-RY,4.938271604938271
cell_2583-RY,0.7894736842105263
cell_2587-RY,0.16025641025641024
cell_2588-RY,16.0
cell_2590-RY,5.182926829268292
cell_2592-RY,2.5773195876288657
cell_2601-RY,27.77777777777778
cell_2603-RY,0.39370078740157477
cell_2604-RY,3.3333333333333335
cell_2606-RY,1.639344262295082
cell_261-RY,2.9069767441860463
cell_2610-RY,2.7027027027027026
cell_2611-RY,3.896103896103896
cell_2616-RY,3.4482758620689653
cell_2618-RY,3.5634743875278394
cell_2621-RY,9.105960264900661
cell_2624-RY,2.3404255319148937
cell_2625-RY,4.961832061068702
cell_2628-RY,1.6326530612244898
cell_2630-RY,15.172413793103448
cell_2631-RY,5.0
cell_2636-RY,4.645476772616137
cell_2637-RY,3.723404255319149
cell_2639-RY,3.592814371257485
cell_2640-RY,3.5294117647058822
cell_2643-RY,8.960573476702509
cell_2644-RY,1.4450867052023122
cell_2646-RY,3.125
cell_2648-RY,7.198443579766536
cell_2649-RY,1.937046004842615
cell_265-RY,2.989130434782609
cell_2654-RY,5.2434456928838955
cell_2656-RY,4.989154013015185
cell_266-RY,3.0303030303030303
cell_2660-RY,0.7936507936507936
cell_2661-RY,16.071428571428573
cell_2664-RY,2.459016393442623
cell_2666-RY,17.391304347826086
cell_2667-RY,4.025423728813559
cell_2668-RY,0.46728971962616817
cell_2674-RY,2.73972602739726
cell_2678-RY,9.602649006622517
cell_2681-RY,2.7027027027027026
cell_2682-RY,12.5
cell_2684-RY,3.1307550644567224
cell_2685-RY,6.297229219143577
cell_2686-RY,1.6352201257861636
cell_2689-RY,8.677685950413224
cell_2691-RY,2.134646962233169
cell_2693-RY,9.090909090909092
cell_2696-RY,32.83582089552239
cell_2697-RY,4.088050314465408
cell_27-RY,5.154639175257731
cell_2701-RY,12.101910828025478
cell_2702-RY,1.1111111111111112
cell_2708-RY,1.243953006219765
cell_2709-RY,1.2903225806451613
cell_271-RY,3.4482758620689653
cell_2710-RY,2.7878787878787876
cell_2712-RY,1.8867924528301887
cell_2715-RY,3.014416775884666
cell_2716-RY,3.5502958579881656
cell_2717-RY,0.8298755186721992
cell_2721-RY,2.898550724637681
cell_2722-RY,0.594059405940594
cell_2724-RY,12.637362637362637
cell_2728-RY,6.0
cell_2731-RY,3.2653061224489797
cell_2732-RY,60.526315789473685
cell_2733-RY,10.714285714285714
cell_2736-RY,4.157043879907621
cell_274-RY,2.214022140221402
cell_2742-RY,7.142857142857142
cell_2744-RY,10.436432637571158
cell_2746-RY,7.87037037037037
cell_2748-RY,4.5662100456621
cell_2753-RY,3.7209302325581395
cell_2754-RY,11.483253588516746
cell_2759-RY,5.714285714285714
cell_276-RY,4.528301886792453
cell_2761-RY,3.669724770642202
cell_2763-RY,17.857142857142858
cell_2764-RY,1.8518518518518516
cell_2767-RY,24.719101123595504
cell_2768-RY,2.380952380952381
cell_277-RY,8.225108225108226
cell_2772-RY,5.982905982905983
cell_2773-RY,1.9607843137254901
cell_2775-RY,3.397027600849257
cell_2776-RY,7.6923076923076925
cell_2780-RY,2.2988505747126435
cell_2781-RY,12.5
cell_2784-RY,6.571428571428571
cell_2785-RY,16.05839416058394
cell_2786-RY,4.10958904109589
cell_279-RY,2.043010752688172
cell_2794-RY,3.4602076124567476
cell_2796-RY,6.578947368421052
cell_2797-RY,4.371584699453552
cell_2799-RY,0.273224043715847
cell_2800-RY,0.4889975550122249
cell_2801-RY,3.6764705882352944
cell_2804-RY,5.144694533762058
cell_2805-RY,2.7522935779816518
cell_2809-RY,0.6528835690968444
cell_281-RY,14.634146341463413
cell_2813-RY,4.991087344028521
cell_2814-RY,9.042553191489363
cell_2815-RY,36.36363636363637
cell_2818-RY,1.36986301369863
cell_2819-RY,6.553911205073996
cell_2821-RY,3.0
cell_2822-RY,9.090909090909092
cell_2823-RY,2.7156549520766773
cell_2824-RY,4.504504504504505
cell_2826-RY,7.482993197278912
cell_2829-RY,3.3457249070631967
cell_283-RY,3.056768558951965
cell_2831-RY,6.390977443609022
cell_2835-RY,5.405405405405405
cell_2836-RY,27.027027027027028
cell_2837-RY,8.389261744966444
cell_284-RY,0.4524886877828055
cell_2840-RY,14.285714285714285
cell_2846-RY,12.927756653992395
cell_2848-RY,15.789473684210526
cell_2849-RY,8.962264150943396
cell_285-RY,0.43668122270742354
cell_2851-RY,4.089219330855019
cell_2854-RY,1.1385199240986716
cell_2856-RY,2.8950542822677927
cell_2857-RY,0.3003003003003003
cell_2859-RY,8.333333333333332
cell_2860-RY,0.7894736842105263
cell_2869-RY,5.223880597014925
cell_287-RY,20.588235294117645
cell_2872-RY,15.65217391304348
cell_2876-RY,2.5691699604743086
cell_2881-RY,4.615384615384616
cell_2882-RY,5.093378607809847
cell_2883-RY,3.293413173652695
cell_2885-RY,4.597701149425287
cell_2886-RY,1.3745704467353952
cell_2887-RY,2.631578947368421
cell_2888-RY,5.825242718446602
cell_289-RY,1.680672268907563
cell_2892-RY,6.425702811244979
cell_2893-RY,2.4423337856173677
cell_2894-RY,0.5633802816901409
cell_2895-RY,6.873977086743044
cell_2896-RY,7.017543859649122
cell_29-RY,50.86206896551724
cell_290-RY,5.529953917050691
cell_2900-RY,5.88235294117647
cell_2902-RY,2.7918781725888326
cell_2904-RY,20.0
cell_2906-RY,18.75
cell_2911-RY,2.941176470588235
cell_2912-RY,5.83756345177665
cell_2914-RY,1.569713758079409
cell_2915-RY,0.31746031746031744
cell_2916-RY,4.506437768240343
cell_2917-RY,5.88235294117647
cell_2922-RY,0.4608294930875576
cell_2923-RY,25.581395348837212
cell_2925-RY,1.9946808510638299
cell_2928-RY,3.7037037037037033
cell_2929-RY,3.815580286168521
cell_2932-RY,4.201680672268908
cell_2933-RY,6.954436450839328
cell_2935-RY,3.90625
cell_2936-RY,1.7241379310344827
cell_2938-RY,10.126582278481013
cell_294-RY,4.21455938697318
cell_2940-RY,4.234527687296417
cell_2946-RY,4.026845637583892
cell_2948-RY,4.700854700854701
cell_2952-RY,1.9880715705765408
cell_2953-RY,4.810126582278481
cell_2954-RY,18.75
cell_2955-RY,1.3550135501355014
cell_296-RY,4.456824512534819
cell_2962-RY,18.71657754010695
cell_2967-RY,0.8333333333333334
cell_2969-RY,1.559792027729636
cell_2971-RY,6.422018348623854
cell_2974-RY,0.53475935828877
cell_2975-RY,2.329450915141431
cell_2979-RY,0.8620689655172413
cell_2980-RY,7.236842105263158
cell_2981-RY,6.25
cell_2982-RY,4.584527220630372
cell_2984-RY,2.7472527472527473
cell_2989-RY,5.042016806722689
cell_2991-RY,1.8181818181818181
cell_2995-RY,3.2640949554896146
cell_2996-RY,8.75912408759124
cell_2997-RY,4.166666666666666
cell_2999-RY,7.949790794979079
cell_3006-RY,4.545454545454546
cell_3008-RY,11.926605504587156
cell_3011-RY,3.2407407407407405
cell_3013-RY,8.183306055646481
cell_3014-RY,3.163444639718805
cell_3015-RY,1.6666666666666667
cell_3020-RY,1.8656716417910446
cell_3021-RY,2.666666666666667
cell_3024-RY,80.3030303030303
cell_3027-RY,2.159827213822894
cell_3028-RY,6.7669172932330826
cell_3029-RY,1.8796992481203008
cell_3030-RY,4.918032786885246
cell_3033-RY,2.801120448179272
cell_3035-RY,2.525252525252525
cell_3036-RY,0.7363770250368188
cell_3037-RY,4.615384615384616
cell_3040-RY,17.86743515850144
cell_3042-RY,3.379224030037547
cell_3043-RY,32.55813953488372
cell_3044-RY,1.694915254237288
cell_3048-RY,5.813953488372093
cell_305-RY,1.9642857142857142
cell_3050-RY,7.76255707762557
cell_3052-RY,0.5649717514124294
cell_3054-RY,4.882459312839059
cell_3056-RY,2.5423728813559325
cell_3057-RY,9.25925925925926
cell_306-RY,7.894736842105263
cell_3062-RY,10.778443113772456
cell_3064-RY,6.365503080082135
cell_3065-RY,2.644230769230769
cell_3066-RY,8.9171974522293
cell_3067-RY,8.571428571428571
cell_3069-RY,3.896103896103896
cell_3072-RY,2.7777777777777777
cell_3073-RY,3.264604810996564
cell_3075-RY,1.5873015873015872
cell_3076-RY,2.941176470588235
cell_3078-RY,2.3255813953488373
cell_3079-RY,30.0
cell_3082-RY,3.0303030303030303
cell_3084-RY,7.017543859649122
cell_3085-RY,11.11111111111111
cell_3087-RY,4.659498207885305
cell_309-RY,8.60215053763441
cell_3096-RY,12.422360248447205
cell_3097-RY,7.174887892376682
cell_3099-RY,3.5294117647058822
cell_31-RY,13.06532663316583
cell_3102-RY,13.600000000000001
cell_3104-RY,5.357142857142857
cell_3106-RY,1.5706806282722512
cell_311-RY,1.9230769230769231
cell_3111-RY,3.7037037037037033
cell_3112-RY,5.486284289276807
cell_3114-RY,7.06713780918728
cell_3115-RY,6.41025641025641
cell_3116-RY,5.620608899297424
cell_3120-RY,33.9622641509434
cell_3122-RY,2.1739130434782608
cell_3123-RY,7.368421052631578
cell_3127-RY,3.863987635239567
cell_3128-RY,5.396825396825397
cell_313-RY,2.608695652173913
cell_3131-RY,6.7669172932330826
cell_3132-RY,4.0669856459330145
cell_3133-RY,2.1739130434782608
cell_3136-RY,2.7914614121510675
cell_3137-RY,7.38255033557047
cell_3140-RY,7.709750566893423
cell_315-RY,7.142857142857142
cell_316-RY,2.5510204081632653
cell_317-RY,26.08695652173913
cell_318-RY,7.756232686980609
cell_319-RY,7.207207207207207
cell_32-RY,6.853582554517133
cell_320-RY,10.096153846153847
cell_328-RY,2.5
cell_329-RY,1.6891891891891893
cell_33-RY,5.88235294117647
cell_330-RY,7.03125
cell_331-RY,2.4875621890547266
cell_332-RY,3.8194444444444446
cell_333-RY,16.923076923076923
cell_335-RY,1.2422360248447204
cell_336-RY,16.17161716171617
cell_337-RY,1.1764705882352942
cell_338-RY,11.790393013100436
cell_339-RY,9.859154929577464
cell_34-RY,4.265402843601896
cell_343-RY,10.94017094017094
cell_344-RY,1.1278195488721803
cell_346-RY,0.5649717514124294
cell_347-RY,1.1299435028248588
cell_348-RY,18.681318681318682
cell_350-RY,2.275600505689001
cell_354-RY,1.0638297872340425
cell_359-RY,5.583756345177665
cell_361-RY,13.636363636363635
cell_364-RY,5.39568345323741
cell_368-RY,0.5376344086021506
cell_369-RY,5.563480741797433
cell_37-RY,5.833333333333333
cell_372-RY,4.472843450479233
cell_374-RY,7.333333333333333
cell_376-RY,15.350877192982457
cell_377-RY,7.8817733990147785
cell_378-RY,7.398568019093078
cell_381-RY,1.8604651162790697
cell_383-RY,7.202216066481995
cell_385-RY,3.79746835443038
cell_387-RY,20.0
cell_388-RY,0.8645533141210375
cell_389-RY,8.994708994708994
cell_393-RY,5.228758169934641
cell_398-RY,3.669724770642202
cell_4-RY,3.9603960396039604
cell_400-RY,2.5179856115107913
cell_401-RY,14.285714285714285
cell_405-RY,5.691056910569105
cell_406-RY,2.923976608187134
cell_408-RY,1.7094017094017095
cell_409-RY,6.143344709897611
cell_410-RY,7.894736842105263
cell_411-RY,16.312056737588655
cell_413-RY,11.475409836065573
cell_415-RY,29.629629629629626
cell_416-RY,1.9855595667870036
cell_417-RY,6.306306306306306
cell_418-RY,0.9259259259259258
cell_419-RY,1.7632241813602016
cell_423-RY,4.43864229765013
cell_425-RY,2.1922428330522767
cell_427-RY,5.100182149362477
cell_429-RY,3.230769230769231
cell_430-RY,8.61111111111111
cell_435-RY,10.106382978723403
cell_438-RY,1.2315270935960592
cell_44-RY,2.406417112299465
cell_440-RY,1.8333333333333333
cell_441-RY,2.608695652173913
cell_442-RY,4.716981132075472
cell_444-RY,2.4752475247524752
cell_445-RY,5.084745762711865
cell_451-RY,12.5
cell_452-RY,10.256410256410255
cell_456-RY,6.41025641025641
cell_457-RY,22.807017543859647
cell_460-RY,39.473684210526315
cell_461-RY,19.81981981981982
cell_464-RY,4.016064257028113
cell_465-RY,0.9433962264150944
cell_468-RY,3.0534351145038165
cell_470-RY,9.556313993174061
cell_471-RY,21.052631578947366
cell_473-RY,77.77777777777779
cell_474-RY,3.710575139146568
cell_475-RY,5.013927576601671
cell_479-RY,2.307692307692308
cell_48-RY,25.64102564102564
cell_481-RY,4.735376044568245
cell_483-RY,1.6129032258064515
cell_49-RY,4.424778761061947
cell_490-RY,7.317073170731707
cell_491-RY,1.3468013468013467
cell_493-RY,1.7045454545454544
cell_494-RY,6.715328467153285
cell_496-RY,2.304964539007092
cell_497-RY,4.9079754601226995
cell_498-RY,11.267605633802818
cell_499-RY,1.0922330097087378
cell_502-RY,35.8974358974359
cell_505-RY,56.00000000000001
cell_508-RY,5.6537102473498235
cell_510-RY,0.5714285714285714
cell_513-RY,10.256410256410255
cell_516-RY,37.5
cell_519-RY,0.5747126436781609
cell_52-RY,8.064516129032258
cell_520-RY,5.472636815920398
cell_521-RY,0.6224066390041494
cell_522-RY,16.666666666666664
cell_526-RY,12.195121951219512
cell_527-RY,2.912621359223301
cell_529-RY,3.2906764168190126
cell_53-RY,37.11340206185567
cell_532-RY,4.807692307692308
cell_533-RY,5.442176870748299
cell_534-RY,9.696969696969697
cell_536-RY,4.305283757338552
cell_542-RY,4.775280898876404
cell_545-RY,2.380952380952381
cell_546-RY,3.734939759036145
cell_547-RY,15.59633027522936
cell_548-RY,5.813953488372093
cell_55-RY,8.88888888888889
cell_550-RY,1.7716535433070866
cell_555-RY,2.0348837209302326
cell_556-RY,8.444444444444445
cell_558-RY,4.787234042553192
cell_56-RY,2.631578947368421
cell_560-RY,11.278195488721805
cell_561-RY,2.7237354085603114
cell_564-RY,1.8900343642611683
cell_571-RY,1.5151515151515151
cell_574-RY,5.212620027434842
cell_575-RY,1.183431952662722
cell_578-RY,56.25
cell_579-RY,1.36986301369863
cell_58-RY,1.5312131919905771
cell_582-RY,14.988290398126464
cell_583-RY,2.0253164556962027
cell_587-RY,4.924242424242424
cell_588-RY,14.285714285714285
cell_59-RY,1.3392857142857142
cell_593-RY,33.04347826086956
cell_599-RY,5.349794238683128
cell_60-RY,15.714285714285714
cell_603-RY,5.194805194805195
cell_604-RY,2.209944751381215
cell_605-RY,2.7027027027027026
cell_606-RY,3.571428571428571
cell_607-RY,1.9337016574585635
cell_608-RY,5.737704918032787
cell_609-RY,4.424778761061947
cell_61-RY,13.559322033898304
cell_610-RY,5.4095826893353935
cell_611-RY,28.57142857142857
cell_615-RY,14.529914529914532
cell_616-RY,5.154639175257731
cell_618-RY,18.38235294117647
cell_619-RY,0.6622516556291391
cell_620-RY,5.245901639344262
cell_622-RY,40.0
cell_625-RY,7.32484076433121
cell_626-RY,3.225806451612903
cell_627-RY,0.6521739130434783
cell_628-RY,2.013422818791946
cell_632-RY,36.11111111111111
cell_633-RY,20.618556701030926
cell_637-RY,69.6969696969697
cell_638-RY,4.0472175379426645
cell_639-RY,1.978891820580475
cell_64-RY,2.7027027027027026
cell_640-RY,0.8130081300813009
cell_642-RY,1.282051282051282
cell_643-RY,4.242424242424243
cell_644-RY,6.167400881057269
cell_646-RY,16.27906976744186
cell_647-RY,10.526315789473683
cell_649-RY,1.639344262295082
cell_65-RY,18.75
cell_653-RY,8.98876404494382
cell_655-RY,5.208333333333334
cell_66-RY,2.312138728323699
cell_660-RY,28.431372549019606
cell_661-RY,0.45045045045045046
cell_663-RY,13.200000000000001
cell_664-RY,1.4492753623188406
cell_665-RY,4.430379746835443
cell_666-RY,1.4184397163120568
cell_667-RY,7.769423558897243
cell_669-RY,2.8301886792452833
cell_67-RY,1.2711864406779663
cell_670-RY,6.748466257668712
cell_672-RY,10.23339317773788
cell_677-RY,6.926406926406926
cell_678-RY,0.9633911368015413
cell_680-RY,8.520179372197308
cell_682-RY,12.745098039215685
cell_686-RY,2.2641509433962264
cell_687-RY,7.3649754500818325
cell_691-RY,25.0
cell_693-RY,4.0
cell_695-RY,1.858736059479554
cell_699-RY,3.581267217630854
cell_70-RY,4.471544715447155
cell_700-RY,2.0253164556962027
cell_702-RY,3.488372093023256
cell_704-RY,0.8955223880597015
cell_706-RY,0.1597444089456869
cell_708-RY,4.262877442273535
cell_710-RY,3.90625
cell_712-RY,2.7027027027027026
cell_714-RY,10.144927536231885
cell_716-RY,6.435643564356436
cell_717-RY,9.090909090909092
cell_718-RY,28.08988764044944
cell_719-RY,0.5736137667304015
cell_72-RY,7.514450867052023
cell_721-RY,4.320987654320987
cell_725-RY,1.36986301369863
cell_726-RY,0.7843137254901961
cell_727-RY,4.444444444444445
cell_732-RY,3.2407407407407405
cell_733-RY,2.4691358024691357
cell_734-RY,14.285714285714285
cell_735-RY,1.7699115044247788
cell_738-RY,6.896551724137931
cell_739-RY,38.88888888888889
cell_741-RY,4.511278195488721
cell_742-RY,9.090909090909092
cell_743-RY,12.5
cell_744-RY,2.1739130434782608
cell_745-RY,5.739514348785872
cell_746-RY,2.4752475247524752
cell_748-RY,0.8547008547008548
cell_752-RY,4.528985507246377
cell_753-RY,26.751592356687897
cell_754-RY,3.4759358288770055
cell_756-RY,20.401337792642142
cell_758-RY,0.7633587786259541
cell_76-RY,6.732673267326733
cell_760-RY,1.9230769230769231
cell_764-RY,20.0
cell_765-RY,2.1052631578947367
cell_766-RY,4.40251572327044
cell_77-RY,5.422446406052964
cell_770-RY,2.1505376344086025
cell_771-RY,4.782608695652174
cell_776-RY,4.893964110929853
cell_777-RY,4.0
cell_778-RY,2.0
cell_779-RY,13.385826771653544
cell_780-RY,12.096774193548388
cell_781-RY,7.341772151898734
cell_782-RY,3.6585365853658534
cell_784-RY,3.7037037037037033
cell_785-RY,7.876712328767123
cell_788-RY,10.344827586206897
cell_789-RY,6.395348837209303
cell_791-RY,4.093567251461988
cell_796-RY,7.6923076923076925
cell_797-RY,13.48314606741573
cell_798-RY,20.253164556962027
cell_8-RY,4.137931034482759
cell_802-RY,4.291845493562231
cell_803-RY,3.422619047619048
cell_804-RY,1.4251781472684086
cell_806-RY,6.8181818181818175
cell_809-RY,2.881844380403458
cell_810-RY,1.4084507042253522
cell_819-RY,33.33333333333333
cell_82-RY,3.7433155080213902
cell_820-RY,3.867403314917127
cell_827-RY,11.196911196911197
cell_832-RY,3.9568345323741005
cell_833-RY,2.232142857142857
cell_839-RY,3.088803088803089
cell_84-RY,7.670454545454546
cell_842-RY,6.191950464396285
cell_843-RY,7.142857142857142
cell_844-RY,5.0
cell_845-RY,3.763440860215054
cell_849-RY,5.106382978723404
cell_85-RY,4.021937842778794
cell_850-RY,3.2828282828282833
cell_852-RY,9.090909090909092
cell_854-RY,19.047619047619047
cell_859-RY,6.258890469416785
cell_861-RY,6.115107913669065
cell_864-RY,6.770833333333333
cell_865-RY,20.155038759689923
cell_866-RY,3.669724770642202
cell_87-RY,6.323185011709602
cell_870-RY,43.75
cell_873-RY,61.111111111111114
cell_88-RY,8.743169398907105
cell_885-RY,10.0
cell_886-RY,5.956112852664576
cell_888-RY,4.3478260869565215
cell_889-RY,1.6224188790560472
cell_890-RY,1.282051282051282
cell_891-RY,26.31578947368421
cell_892-RY,12.592592592592592
cell_895-RY,5.660377358490567
cell_896-RY,12.280701754385964
cell_897-RY,9.253731343283581
cell_898-RY,5.0
cell_9-RY,4.173354735152488
cell_900-RY,1.3157894736842104
cell_901-RY,5.0
cell_906-RY,1.1363636363636365
cell_911-RY,2.6717557251908395
cell_914-RY,43.75
cell_918-RY,5.797101449275362
cell_92-RY,4.973821989528796
cell_920-RY,6.557377049180328
cell_924-RY,4.198473282442748
cell_927-RY,2.666666666666667
cell_929-RY,11.298076923076923
cell_933-RY,0.2352941176470588
cell_934-RY,1.7045454545454544
cell_938-RY,2.82258064516129
cell_94-RY,2.5423728813559325
cell_940-RY,5.9405940594059405
cell_941-RY,3.2520325203252036
cell_942-RY,12.658227848101266
cell_943-RY,7.901234567901234
cell_944-RY,1.257861635220126
cell_945-RY,2.8142589118198873
cell_948-RY,2.3323615160349855
cell_949-RY,1.7391304347826086
cell_950-RY,1.6326530612244898
cell_952-RY,1.0416666666666665
cell_953-RY,33.33333333333333
cell_955-RY,6.0
cell_956-RY,5.965909090909091
cell_957-RY,4.454022988505748
cell_963-RY,4.2105263157894735
cell_964-RY,3.942652329749104
cell_967-RY,1.2875536480686696
cell_969-RY,0.45871559633027525
cell_97-RY,5.833333333333333
cell_970-RY,3.233256351039261
cell_971-RY,3.404255319148936
cell_973-RY,10.06711409395973
cell_974-RY,0.9845288326300985
cell_977-RY,6.638115631691649
cell_979-RY,3.10077519379845
cell_98-RY,4.016064257028113
cell_980-RY,9.649122807017543
cell_983-RY,11.320754716981133
cell_986-RY,6.956521739130435
cell_988-RY,1.6296296296296295
cell_990-RY,12.903225806451612
cell_991-RY,2.736842105263158
cell_992-RY,0.9273570324574961
cell_994-RY,0.6675567423230975
